<!--Spring-security.xml-->

<beans:beans xmlns="http://www.springframework.org/schema/security"
	xmlns:beans="http://www.springframework.org/schema/beans" xmlns:xsi="http://www.w3.org/2001/XMLSchema-instance"
	xsi:schemaLocation="http://www.springframework.org/schema/beans
 http://www.springframework.org/schema/beans/spring-beans-3.0.xsd
 http://www.springframework.org/schema/security
 http://www.springframework.org/schema/security/spring-security-3.2.xsd">

	<http auto-config="true" use-expressions="true" access-denied-page="/denied">
		<form-login login-processing-url="/resources/j_spring_security_check"
			login-page="/login" authentication-failure-url="/login?login_error=t" default-target-url="/index" always-use-default-target="true" username-parameter="username" password-parameter="password"/>
		<logout logout-url="/resources/j_spring_security_logout" />
		<intercept-url pattern="/resources/**" access="permitAll"/>
		<intercept-url pattern="/login" access="permitAll"/>
		
		<!-- <intercept-url pattern="/**" access="permitAll" /> 
		<intercept-url pattern="/user**" access="ROLE_USER" />
		<intercept-url pattern="/admin**" access="ROLE_ADMIN" />-->
		
			<!-- <intercept-url pattern="/customer/**" access="isAuthenticated()" /> -->
		<intercept-url pattern="/device/**" access="isAuthenticated()" />
		<intercept-url pattern="/driver/**" access="isAuthenticated()" />
		<intercept-url pattern="/Report/**" access="isAuthenticated()" />
		<intercept-url pattern="/plan/**" access="isAuthenticated()" />
		<intercept-url pattern="/vehicle/**" access="isAuthenticated()" />
		<intercept-url pattern="/home" access="isAuthenticated()" />
		<intercept-url pattern="/index" access="isAuthenticated()" />
		<intercept-url pattern="/Vts/API/**" access="permitAll" />
		<intercept-url pattern="/Vts/customer/regNewAccount/**" access="permitAll" />
		<intercept-url pattern="/Vts/customer/getRegistrationPage" access="permitAll" />
		<!-- <intercept-url pattern="/Vts/API/**" access="permitAll" />
		<intercept-url pattern="/**" access="isAuthenticated()" /> -->
	</http>

	<authentication-manager alias="authenticationManager">
		<authentication-provider>
			<jdbc-user-service data-source-ref="dataSource"
				users-by-username-query="select username,password, enabled from rlms_users_master where username=?"
				authorities-by-username-query="select username, role from rlms_user_roles where username=?  " />
		</authentication-provider>
	</authentication-manager>

	<global-method-security secured-annotations="enabled" />

</beans:beans>

